,sports,museums,tvsports,exercise,dining,art,hiking,gaming,clubbing,reading,tv,theater,movies,concerts,shopping,music,yoga
74,2.0,9.0,2.0,1.0,10.0,9.0,3.0,2.0,10.0,8.0,10.0,9.0,9.0,6.0,8.0,6.0,6.0
80,4.0,6.0,3.0,1.0,8.0,7.0,2.0,2.0,10.0,8.0,8.0,10.0,10.0,9.0,8.0,9.0,3.0
90,9.0,6.0,9.0,9.0,7.0,6.0,7.0,1.0,7.0,8.0,5.0,6.0,7.0,7.0,7.0,8.0,7.0
100,8.0,7.0,7.0,2.0,6.0,5.0,5.0,5.0,4.0,9.0,2.0,4.0,8.0,7.0,5.0,8.0,1.0
110,9.0,7.0,7.0,9.0,8.0,6.0,3.0,3.0,5.0,6.0,6.0,4.0,7.0,7.0,5.0,9.0,5.0
120,7.0,5.0,8.0,2.0,9.0,6.0,4.0,7.0,7.0,6.0,8.0,10.0,8.0,9.0,8.0,9.0,1.0
130,10.0,3.0,6.0,8.0,8.0,3.0,10.0,8.0,8.0,6.0,7.0,3.0,10.0,6.0,6.0,8.0,1.0
140,9.0,4.0,7.0,9.0,7.0,3.0,6.0,7.0,9.0,8.0,6.0,9.0,9.0,6.0,2.0,7.0,1.0
150,7.0,7.0,2.0,6.0,7.0,7.0,5.0,5.0,5.0,8.0,3.0,7.0,8.0,7.0,6.0,8.0,1.0
160,8.0,7.0,2.0,9.0,7.0,5.0,4.0,2.0,6.0,4.0,2.0,7.0,9.0,7.0,2.0,7.0,2.0
170,5.0,4.0,5.0,5.0,9.0,3.0,4.0,4.0,2.0,6.0,9.0,3.0,9.0,3.0,2.0,6.0,1.0
180,10.0,5.0,10.0,10.0,10.0,5.0,6.0,7.0,9.0,8.0,1.0,1.0,7.0,7.0,7.0,7.0,10.0
190,10.0,9.0,10.0,10.0,10.0,9.0,4.0,10.0,10.0,8.0,3.0,8.0,8.0,6.0,5.0,6.0,10.0
200,10.0,5.0,8.0,10.0,5.0,5.0,2.0,1.0,3.0,7.0,10.0,4.0,7.0,4.0,5.0,8.0,2.0
216,1.0,8.0,2.0,2.0,8.0,8.0,1.0,2.0,6.0,8.0,8.0,8.0,9.0,7.0,8.0,7.0,8.0
232,2.0,7.0,2.0,3.0,9.0,6.0,6.0,7.0,7.0,10.0,9.0,10.0,10.0,10.0,10.0,10.0,3.0
248,10.0,6.0,1.0,10.0,9.0,6.0,10.0,6.0,3.0,6.0,1.0,6.0,9.0,8.0,6.0,8.0,7.0
264,7.0,6.0,4.0,7.0,7.0,3.0,5.0,6.0,8.0,9.0,9.0,7.0,10.0,6.0,8.0,8.0,4.0
280,9.0,7.0,4.0,9.0,7.0,4.0,6.0,5.0,7.0,5.0,3.0,9.0,9.0,6.0,5.0,4.0,1.0
296,7.0,7.0,6.0,8.0,8.0,6.0,8.0,7.0,8.0,8.0,5.0,5.0,5.0,5.0,7.0,7.0,8.0
328,8.0,7.0,9.0,7.0,7.0,6.0,2.0,2.0,7.0,7.0,7.0,5.0,7.0,6.0,9.0,8.0,5.0
344,5.0,4.0,6.0,8.0,7.0,4.0,2.0,1.0,7.0,8.0,5.0,7.0,7.0,7.0,6.0,9.0,4.0
360,3.0,7.0,3.0,7.0,10.0,7.0,7.0,2.0,6.0,6.0,8.0,8.0,8.0,6.0,10.0,7.0,6.0
376,4.0,5.0,1.0,5.0,9.0,5.0,1.0,2.0,4.0,9.0,6.0,6.0,7.0,5.0,10.0,8.0,9.0
392,4.0,8.0,6.0,10.0,7.0,6.0,6.0,8.0,6.0,10.0,10.0,8.0,8.0,6.0,7.0,6.0,9.0
408,7.0,4.0,6.0,6.0,7.0,4.0,5.0,4.0,7.0,7.0,6.0,9.0,10.0,7.0,7.0,7.0,7.0
424,9.0,8.0,7.0,9.0,8.0,8.0,5.0,6.0,9.0,7.0,9.0,8.0,8.0,7.0,8.0,7.0,3.0
440,6.0,7.0,1.0,4.0,6.0,7.0,7.0,1.0,3.0,9.0,1.0,9.0,6.0,6.0,5.0,7.0,1.0
456,6.0,9.0,4.0,6.0,10.0,8.0,7.0,6.0,7.0,5.0,6.0,10.0,7.0,8.0,4.0,7.0,9.0
472,7.0,2.0,2.0,7.0,10.0,2.0,7.0,4.0,7.0,2.0,8.0,8.0,10.0,10.0,10.0,10.0,2.0
488,3.0,10.0,2.0,4.0,10.0,8.0,7.0,1.0,5.0,10.0,9.0,9.0,10.0,9.0,10.0,9.0,1.0
504,4.0,7.0,9.0,3.0,7.0,8.0,5.0,7.0,9.0,7.0,5.0,5.0,8.0,8.0,4.0,10.0,2.0
523,5.0,5.0,5.0,6.0,5.0,5.0,5.0,10.0,5.0,6.0,6.0,6.0,6.0,5.0,5.0,5.0,1.0
542,1.0,3.0,1.0,7.0,5.0,3.0,3.0,1.0,1.0,9.0,8.0,5.0,7.0,2.0,2.0,5.0,1.0
561,8.0,7.0,9.0,6.0,5.0,7.0,2.0,5.0,5.0,9.0,6.0,7.0,4.0,6.0,2.0,5.0,1.0
580,9.0,8.0,1.0,8.0,7.0,8.0,10.0,6.0,7.0,8.0,1.0,7.0,3.0,8.0,6.0,1.0,8.0
599,9.0,8.0,7.0,3.0,6.0,6.0,6.0,7.0,6.0,6.0,7.0,6.0,7.0,6.0,6.0,6.0,3.0
618,10.0,7.0,7.0,5.0,6.0,7.0,8.0,3.0,7.0,7.0,4.0,4.0,6.0,5.0,2.0,6.0,7.0
637,6.0,7.0,7.0,2.0,8.0,6.0,3.0,7.0,4.0,7.0,4.0,5.0,8.0,8.0,2.0,7.0,1.0
656,3.0,7.0,1.0,6.0,7.0,8.0,1.0,5.0,8.0,4.0,6.0,10.0,10.0,6.0,6.0,8.0,2.0
675,10.0,6.0,7.0,5.0,7.0,7.0,2.0,8.0,7.0,9.0,5.0,5.0,6.0,5.0,2.0,8.0,7.0
694,10.0,5.0,10.0,3.0,8.0,3.0,4.0,3.0,10.0,5.0,6.0,8.0,10.0,7.0,6.0,10.0,2.0
713,6.0,4.0,6.0,7.0,3.0,3.0,6.0,5.0,4.0,5.0,7.0,1.0,6.0,1.0,2.0,2.0,1.0
732,8.0,3.0,5.0,3.0,6.0,4.0,3.0,3.0,3.0,3.0,7.0,4.0,6.0,3.0,4.0,5.0,2.0
751,8.0,9.0,4.0,3.0,10.0,8.0,8.0,4.0,4.0,9.0,5.0,7.0,9.0,9.0,7.0,9.0,3.0
770,5.0,7.0,2.0,2.0,8.0,8.0,8.0,1.0,3.0,7.0,1.0,8.0,6.0,9.0,1.0,9.0,3.0
789,10.0,5.0,8.0,4.0,5.0,4.0,1.0,6.0,10.0,9.0,7.0,5.0,10.0,7.0,5.0,10.0,1.0
808,2.0,5.0,1.0,10.0,10.0,5.0,2.0,1.0,7.0,6.0,8.0,8.0,7.0,6.0,10.0,9.0,4.0
818,4.0,9.0,4.0,5.0,9.0,9.0,9.0,1.0,5.0,9.0,9.0,9.0,9.0,9.0,9.0,9.0,9.0
848,3.0,5.0,1.0,9.0,9.0,5.0,3.0,1.0,5.0,5.0,2.0,10.0,7.0,6.0,5.0,9.0,5.0
858,1.0,10.0,1.0,5.0,10.0,10.0,5.0,1.0,5.0,10.0,6.0,10.0,10.0,8.0,8.0,10.0,7.0
868,8.0,6.0,5.0,7.0,8.0,6.0,7.0,7.0,7.0,7.0,3.0,2.0,9.0,7.0,9.0,9.0,2.0
878,5.0,9.0,3.0,8.0,6.0,8.0,5.0,1.0,2.0,10.0,1.0,8.0,9.0,4.0,6.0,5.0,2.0
888,8.0,8.0,8.0,8.0,8.0,8.0,9.0,5.0,3.0,8.0,7.0,8.0,8.0,9.0,8.0,9.0,5.0
898,7.0,8.0,5.0,7.0,8.0,8.0,8.0,8.0,9.0,8.0,8.0,8.0,9.0,8.0,9.0,8.0,6.0
908,4.0,4.0,2.0,3.0,6.0,3.0,3.0,6.0,4.0,8.0,6.0,4.0,8.0,4.0,4.0,6.0,2.0
918,9.0,6.0,9.0,6.0,7.0,6.0,4.0,4.0,4.0,6.0,6.0,3.0,9.0,9.0,2.0,9.0,1.0
928,3.0,8.0,2.0,2.0,7.0,8.0,3.0,3.0,7.0,10.0,7.0,5.0,9.0,7.0,7.0,7.0,1.0
938,10.0,3.0,7.0,5.0,5.0,2.0,1.0,3.0,9.0,8.0,2.0,4.0,7.0,6.0,2.0,7.0,1.0
948,9.0,7.0,4.0,9.0,5.0,5.0,7.0,5.0,5.0,8.0,3.0,7.0,8.0,5.0,5.0,8.0,6.0
958,9.0,3.0,10.0,6.0,4.0,3.0,7.0,6.0,7.0,7.0,8.0,3.0,10.0,6.0,2.0,8.0,1.0
968,8.0,6.0,3.0,7.0,10.0,6.0,7.0,2.0,9.0,5.0,6.0,7.0,7.0,6.0,8.0,8.0,4.0
978,9.0,5.0,9.0,7.0,6.0,4.0,4.0,6.0,6.0,5.0,5.0,5.0,7.0,7.0,4.0,6.0,1.0
988,8.0,10.0,3.0,5.0,9.0,10.0,9.0,6.0,8.0,10.0,2.0,9.0,10.0,8.0,3.0,8.0,5.0
998,8.0,7.0,2.0,8.0,7.0,7.0,7.0,5.0,9.0,8.0,8.0,5.0,7.0,6.0,5.0,8.0,5.0
1008,1.0,8.0,7.0,6.0,8.0,8.0,5.0,1.0,7.0,7.0,4.0,8.0,8.0,8.0,7.0,7.0,7.0
1026,7.0,9.0,1.0,10.0,9.0,9.0,8.0,3.0,6.0,6.0,6.0,8.0,8.0,10.0,7.0,10.0,9.0
1044,5.0,9.0,1.0,7.0,7.0,5.0,9.0,1.0,3.0,9.0,3.0,9.0,9.0,9.0,5.0,7.0,10.0
1062,2.0,10.0,3.0,2.0,10.0,10.0,2.0,1.0,7.0,4.0,4.0,9.0,9.0,8.0,3.0,8.0,3.0
1080,8.0,5.0,3.0,7.0,5.0,4.0,3.0,1.0,5.0,10.0,9.0,7.0,7.0,7.0,9.0,7.0,2.0
1098,6.0,9.0,2.0,7.0,9.0,7.0,7.0,1.0,7.0,7.0,7.0,9.0,9.0,7.0,7.0,7.0,4.0
1116,5.0,9.0,5.0,5.0,8.0,10.0,9.0,1.0,7.0,8.0,6.0,8.0,8.0,8.0,6.0,9.0,7.0
1134,5.0,7.0,1.0,3.0,5.0,8.0,3.0,1.0,6.0,8.0,3.0,7.0,8.0,7.0,4.0,8.0,7.0
1152,7.0,9.0,1.0,9.0,9.0,9.0,3.0,1.0,9.0,9.0,1.0,9.0,10.0,9.0,5.0,9.0,5.0
1170,2.0,8.0,3.0,4.0,9.0,6.0,8.0,4.0,7.0,8.0,4.0,6.0,7.0,5.0,5.0,8.0,3.0
1188,2.0,7.0,2.0,1.0,4.0,7.0,2.0,1.0,6.0,4.0,7.0,5.0,10.0,10.0,2.0,10.0,2.0
1206,10.0,7.0,5.0,10.0,8.0,7.0,8.0,4.0,9.0,9.0,6.0,7.0,10.0,9.0,7.0,10.0,9.0
1224,8.0,7.0,7.0,10.0,7.0,7.0,8.0,6.0,6.0,10.0,8.0,9.0,10.0,8.0,9.0,10.0,3.0
1242,2.0,8.0,2.0,2.0,10.0,8.0,7.0,8.0,9.0,8.0,1.0,9.0,8.0,8.0,4.0,9.0,2.0
1260,8.0,8.0,9.0,6.0,5.0,9.0,6.0,3.0,1.0,10.0,6.0,7.0,8.0,7.0,4.0,6.0,1.0
1278,4.0,7.0,2.0,5.0,7.0,5.0,7.0,3.0,5.0,7.0,7.0,10.0,8.0,8.0,6.0,7.0,2.0
1296,7.0,9.0,2.0,8.0,10.0,9.0,9.0,2.0,9.0,10.0,4.0,10.0,10.0,8.0,6.0,10.0,9.0
1314,3.0,7.0,2.0,6.0,10.0,6.0,8.0,7.0,8.0,7.0,5.0,8.0,8.0,6.0,7.0,5.0,6.0
1332,7.0,5.0,2.0,8.0,8.0,4.0,4.0,3.0,3.0,9.0,5.0,7.0,9.0,6.0,4.0,7.0,5.0
1350,10.0,4.0,10.0,6.0,6.0,3.0,1.0,6.0,4.0,7.0,9.0,5.0,10.0,8.0,3.0,10.0,3.0
1368,5.0,10.0,8.0,7.0,10.0,8.0,10.0,6.0,8.0,8.0,3.0,8.0,9.0,8.0,7.0,7.0,3.0
1386,6.0,3.0,8.0,8.0,3.0,3.0,6.0,1.0,5.0,8.0,3.0,2.0,7.0,3.0,3.0,7.0,5.0
1404,8.0,3.0,8.0,8.0,7.0,3.0,5.0,1.0,7.0,7.0,3.0,7.0,8.0,6.0,2.0,8.0,7.0
1422,5.0,10.0,5.0,5.0,8.0,10.0,5.0,5.0,9.0,6.0,6.0,10.0,10.0,10.0,8.0,10.0,5.0
1440,5.0,6.0,4.0,6.0,7.0,6.0,2.0,2.0,4.0,6.0,5.0,7.0,7.0,3.0,6.0,7.0,2.0
1458,9.0,9.0,9.0,7.0,9.0,9.0,8.0,8.0,9.0,8.0,7.0,9.0,8.0,7.0,8.0,8.0,4.0
1476,9.0,4.0,9.0,9.0,9.0,4.0,7.0,2.0,5.0,5.0,4.0,4.0,9.0,3.0,5.0,5.0,2.0
1494,8.0,6.0,7.0,8.0,8.0,4.0,8.0,5.0,8.0,8.0,8.0,5.0,8.0,8.0,6.0,8.0,3.0
1512,8.0,8.0,3.0,8.0,9.0,8.0,9.0,5.0,8.0,7.0,3.0,8.0,7.0,6.0,3.0,8.0,7.0
1530,9.0,5.0,9.0,6.0,8.0,5.0,3.0,4.0,7.0,8.0,6.0,6.0,7.0,4.0,5.0,7.0,5.0
1548,2.0,6.0,4.0,2.0,9.0,5.0,4.0,9.0,2.0,9.0,8.0,7.0,9.0,2.0,5.0,8.0,3.0
1566,7.0,6.0,2.0,4.0,7.0,7.0,8.0,1.0,7.0,7.0,1.0,5.0,7.0,9.0,1.0,9.0,10.0
1584,7.0,6.0,3.0,4.0,5.0,7.0,3.0,2.0,5.0,7.0,3.0,7.0,7.0,4.0,2.0,6.0,2.0
1602,2.0,10.0,1.0,2.0,10.0,10.0,1.0,2.0,2.0,10.0,5.0,7.0,10.0,10.0,5.0,10.0,3.0
1620,4.0,7.0,3.0,8.0,7.0,9.0,8.0,2.0,3.0,7.0,5.0,7.0,9.0,7.0,3.0,8.0,6.0
1638,9.0,10.0,9.0,7.0,9.0,9.0,9.0,1.0,5.0,9.0,5.0,8.0,9.0,8.0,3.0,5.0,5.0
1656,8.0,7.0,3.0,8.0,5.0,8.0,8.0,8.0,9.0,9.0,3.0,8.0,8.0,9.0,4.0,10.0,6.0
1666,5.0,9.0,3.0,7.0,10.0,8.0,7.0,2.0,6.0,8.0,7.0,10.0,10.0,9.0,10.0,10.0,7.0
1676,6.0,4.0,8.0,3.0,4.0,3.0,5.0,2.0,6.0,8.0,7.0,6.0,7.0,6.0,2.0,9.0,2.0
1686,2.0,3.0,2.0,8.0,7.0,3.0,1.0,1.0,8.0,10.0,2.0,2.0,6.0,4.0,8.0,7.0,1.0
1696,5.0,10.0,4.0,3.0,10.0,10.0,6.0,4.0,8.0,10.0,10.0,10.0,10.0,10.0,10.0,10.0,8.0
1706,6.0,8.0,8.0,6.0,9.0,6.0,3.0,5.0,8.0,8.0,5.0,6.0,5.0,6.0,9.0,5.0,3.0
1716,8.0,9.0,5.0,8.0,9.0,9.0,5.0,8.0,10.0,9.0,5.0,10.0,9.0,10.0,7.0,10.0,8.0
1726,5.0,7.0,4.0,4.0,8.0,5.0,3.0,1.0,5.0,10.0,6.0,10.0,9.0,6.0,3.0,8.0,5.0
1736,2.0,6.0,2.0,6.0,10.0,10.0,6.0,4.0,7.0,7.0,8.0,10.0,10.0,10.0,10.0,10.0,4.0
1746,7.0,7.0,9.0,7.0,9.0,6.0,5.0,6.0,6.0,6.0,8.0,7.0,8.0,8.0,5.0,8.0,4.0
1756,9.0,3.0,9.0,8.0,8.0,2.0,5.0,5.0,6.0,2.0,7.0,2.0,7.0,7.0,7.0,7.0,5.0
1766,5.0,8.0,5.0,8.0,10.0,8.0,6.0,5.0,8.0,8.0,6.0,9.0,9.0,9.0,8.0,8.0,7.0
1776,3.0,9.0,1.0,9.0,10.0,10.0,1.0,1.0,10.0,9.0,2.0,9.0,9.0,9.0,10.0,9.0,7.0
1786,10.0,8.0,8.0,7.0,8.0,7.0,5.0,2.0,7.0,10.0,5.0,8.0,8.0,9.0,6.0,10.0,7.0
1796,10.0,5.0,8.0,8.0,8.0,3.0,5.0,5.0,6.0,1.0,7.0,1.0,5.0,8.0,5.0,7.0,10.0
1806,8.0,4.0,7.0,7.0,6.0,4.0,8.0,7.0,3.0,5.0,3.0,4.0,8.0,10.0,2.0,10.0,2.0
1826,7.0,3.0,4.0,9.0,8.0,2.0,7.0,5.0,7.0,6.0,2.0,1.0,2.0,2.0,6.0,9.0,2.0
1836,5.0,5.0,1.0,5.0,5.0,5.0,3.0,6.0,4.0,8.0,7.0,6.0,8.0,7.0,5.0,6.0,3.0
3408,5.0,9.0,3.0,10.0,10.0,5.0,2.0,1.0,4.0,9.0,5.0,6.0,5.0,5.0,7.0,9.0,4.0
3417,1.0,9.0,3.0,3.0,10.0,10.0,2.0,1.0,7.0,7.0,1.0,9.0,9.0,6.0,10.0,10.0,7.0
3426,9.0,9.0,6.0,3.0,7.0,9.0,7.0,1.0,8.0,7.0,5.0,4.0,7.0,4.0,4.0,10.0,2.0
3435,1.0,8.0,1.0,10.0,7.0,9.0,9.0,1.0,1.0,10.0,6.0,8.0,6.0,2.0,2.0,9.0,10.0
3444,8.0,10.0,5.0,8.0,8.0,10.0,8.0,2.0,8.0,7.0,5.0,9.0,9.0,10.0,7.0,10.0,6.0
3453,3.0,8.0,3.0,5.0,8.0,7.0,8.0,1.0,6.0,9.0,6.0,8.0,8.0,6.0,1.0,7.0,8.0
3462,10.0,10.0,10.0,9.0,10.0,8.0,9.0,14.0,9.0,10.0,10.0,10.0,10.0,10.0,10.0,10.0,3.0
3471,8.0,7.0,1.0,5.0,7.0,7.0,4.0,1.0,3.0,4.0,1.0,3.0,4.0,6.0,6.0,7.0,3.0
3480,6.0,10.0,5.0,5.0,8.0,10.0,9.0,4.0,9.0,10.0,1.0,9.0,10.0,10.0,1.0,10.0,8.0
3489,7.0,5.0,2.0,7.0,9.0,8.0,5.0,7.0,3.0,9.0,5.0,5.0,9.0,8.0,6.0,8.0,2.0
3498,5.0,6.0,2.0,10.0,8.0,4.0,9.0,1.0,3.0,13.0,9.0,8.0,9.0,3.0,3.0,4.0,1.0
3507,3.0,7.0,1.0,2.0,6.0,8.0,4.0,8.0,6.0,9.0,2.0,7.0,8.0,6.0,1.0,6.0,6.0
3516,6.0,5.0,5.0,5.0,7.0,5.0,3.0,2.0,6.0,8.0,8.0,9.0,9.0,8.0,5.0,9.0,2.0
3525,5.0,3.0,4.0,7.0,1.0,2.0,9.0,4.0,2.0,5.0,3.0,3.0,3.0,3.0,2.0,3.0,6.0
3534,7.0,5.0,1.0,8.0,7.0,1.0,8.0,6.0,8.0,6.0,3.0,7.0,7.0,4.0,6.0,7.0,1.0
3543,7.0,8.0,9.0,1.0,10.0,6.0,1.0,1.0,6.0,10.0,7.0,3.0,8.0,8.0,4.0,5.0,1.0
3552,7.0,10.0,2.0,8.0,10.0,10.0,6.0,1.0,2.0,10.0,1.0,9.0,9.0,10.0,6.0,10.0,5.0
3561,7.0,8.0,6.0,1.0,6.0,8.0,5.0,8.0,4.0,9.0,7.0,6.0,9.0,6.0,2.0,8.0,3.0
3570,4.0,7.0,3.0,3.0,8.0,6.0,7.0,4.0,9.0,9.0,2.0,9.0,9.0,9.0,9.0,9.0,2.0
3591,5.0,10.0,3.0,5.0,8.0,10.0,6.0,1.0,6.0,10.0,7.0,7.0,10.0,7.0,7.0,7.0,3.0
3612,8.0,9.0,2.0,6.0,10.0,9.0,8.0,1.0,7.0,9.0,8.0,9.0,9.0,7.0,7.0,7.0,8.0
3633,6.0,6.0,8.0,9.0,6.0,6.0,4.0,2.0,5.0,6.0,4.0,7.0,7.0,8.0,9.0,8.0,1.0
3654,5.0,6.0,3.0,6.0,7.0,5.0,6.0,5.0,5.0,5.0,8.0,6.0,8.0,8.0,9.0,8.0,3.0
3675,7.0,10.0,1.0,6.0,9.0,10.0,10.0,3.0,4.0,10.0,2.0,5.0,10.0,10.0,4.0,10.0,10.0
3696,9.0,8.0,6.0,7.0,7.0,3.0,10.0,4.0,1.0,10.0,3.0,8.0,5.0,2.0,6.0,6.0,2.0
3717,8.0,7.0,3.0,7.0,8.0,7.0,4.0,2.0,7.0,8.0,6.0,7.0,7.0,5.0,5.0,7.0,6.0
3738,9.0,5.0,6.0,7.0,9.0,5.0,6.0,2.0,3.0,9.0,6.0,7.0,7.0,9.0,5.0,9.0,3.0
3759,6.0,9.0,4.0,3.0,9.0,8.0,3.0,5.0,8.0,9.0,2.0,9.0,9.0,9.0,4.0,9.0,6.0
3780,9.0,7.0,9.0,8.0,7.0,3.0,7.0,1.0,3.0,10.0,4.0,1.0,7.0,5.0,1.0,8.0,1.0
3801,1.0,7.0,1.0,1.0,5.0,7.0,7.0,1.0,3.0,9.0,4.0,7.0,7.0,7.0,9.0,8.0,6.0
3822,7.0,7.0,1.0,7.0,5.0,8.0,6.0,1.0,5.0,9.0,7.0,4.0,8.0,2.0,2.0,6.0,1.0
3843,2.0,7.0,9.0,8.0,8.0,8.0,2.0,1.0,2.0,10.0,6.0,7.0,10.0,8.0,2.0,9.0,1.0
3864,5.0,7.0,4.0,5.0,4.0,8.0,8.0,1.0,6.0,5.0,1.0,4.0,10.0,6.0,2.0,7.0,6.0
3885,4.0,7.0,8.0,5.0,9.0,6.0,4.0,7.0,8.0,3.0,9.0,5.0,9.0,4.0,10.0,9.0,2.0
3906,8.0,4.0,6.0,6.0,5.0,3.0,6.0,5.0,5.0,8.0,4.0,5.0,5.0,4.0,4.0,4.0,4.0
3927,4.0,8.0,1.0,8.0,8.0,10.0,7.0,3.0,1.0,10.0,3.0,6.0,6.0,6.0,4.0,9.0,2.0
3948,8.0,8.0,4.0,6.0,9.0,7.0,8.0,4.0,6.0,9.0,2.0,7.0,5.0,6.0,6.0,7.0,4.0
3969,8.0,10.0,7.0,10.0,9.0,10.0,5.0,5.0,6.0,7.0,7.0,9.0,9.0,9.0,9.0,8.0,5.0
3990,6.0,9.0,7.0,10.0,10.0,8.0,7.0,6.0,8.0,9.0,9.0,9.0,9.0,9.0,9.0,10.0,8.0
4011,6.0,7.0,1.0,5.0,7.0,4.0,8.0,1.0,3.0,2.0,5.0,7.0,8.0,8.0,3.0,8.0,2.0
4032,3.0,6.0,3.0,4.0,7.0,5.0,4.0,5.0,1.0,10.0,7.0,6.0,8.0,9.0,8.0,10.0,7.0
4053,9.0,7.0,1.0,10.0,6.0,7.0,4.0,6.0,5.0,10.0,1.0,9.0,7.0,7.0,5.0,9.0,9.0
4074,6.0,8.0,2.0,8.0,9.0,9.0,2.0,3.0,6.0,9.0,1.0,4.0,7.0,6.0,2.0,7.0,2.0
4095,10.0,8.0,6.0,10.0,5.0,8.0,10.0,5.0,3.0,8.0,2.0,7.0,8.0,6.0,1.0,6.0,2.0
4116,8.0,9.0,1.0,5.0,9.0,9.0,9.0,5.0,8.0,9.0,5.0,7.0,9.0,9.0,5.0,9.0,1.0
4137,7.0,2.0,1.0,6.0,5.0,3.0,5.0,3.0,4.0,9.0,6.0,3.0,8.0,1.0,1.0,2.0,1.0
4158,8.0,6.0,1.0,5.0,5.0,5.0,5.0,4.0,2.0,10.0,2.0,7.0,10.0,7.0,2.0,8.0,2.0
4179,4.0,7.0,4.0,2.0,4.0,5.0,8.0,1.0,2.0,6.0,2.0,6.0,8.0,7.0,3.0,5.0,9.0
4200,10.0,4.0,10.0,10.0,5.0,4.0,4.0,7.0,8.0,9.0,5.0,7.0,7.0,7.0,5.0,10.0,1.0
4221,9.0,4.0,6.0,6.0,6.0,4.0,8.0,6.0,6.0,8.0,1.0,5.0,3.0,3.0,2.0,7.0,7.0
4242,9.0,7.0,2.0,5.0,7.0,9.0,8.0,1.0,5.0,9.0,5.0,5.0,9.0,8.0,8.0,9.0,5.0
4263,5.0,9.0,7.0,6.0,10.0,10.0,9.0,14.0,5.0,9.0,7.0,3.0,10.0,10.0,10.0,10.0,10.0
4284,7.0,8.0,3.0,4.0,3.0,7.0,9.0,9.0,4.0,8.0,6.0,8.0,7.0,8.0,3.0,6.0,8.0
4305,2.0,2.0,1.0,5.0,7.0,2.0,9.0,6.0,4.0,10.0,8.0,8.0,10.0,8.0,8.0,8.0,8.0
4326,9.0,5.0,5.0,3.0,8.0,5.0,6.0,4.0,4.0,9.0,2.0,6.0,7.0,5.0,2.0,7.0,2.0
4347,10.0,3.0,6.0,1.0,7.0,6.0,10.0,5.0,3.0,10.0,6.0,5.0,7.0,6.0,2.0,8.0,1.0
4368,7.0,7.0,1.0,8.0,7.0,4.0,3.0,2.0,1.0,10.0,1.0,3.0,5.0,9.0,2.0,10.0,5.0
4389,9.0,7.0,7.0,7.0,7.0,7.0,5.0,6.0,5.0,7.0,5.0,6.0,7.0,5.0,5.0,8.0,5.0
4410,10.0,7.0,5.0,8.0,8.0,5.0,10.0,7.0,9.0,7.0,4.0,7.0,9.0,5.0,1.0,10.0,1.0
4431,6.0,8.0,9.0,7.0,10.0,7.0,6.0,6.0,8.0,9.0,6.0,9.0,9.0,8.0,6.0,8.0,4.0
4844,8.0,6.0,7.0,7.0,6.0,6.0,9.0,3.0,6.0,7.0,2.0,8.0,8.0,8.0,3.0,8.0,1.0
4853,5.0,8.0,7.0,7.0,7.0,7.0,7.0,6.0,6.0,7.0,8.0,9.0,9.0,8.0,8.0,8.0,6.0
4862,8.0,8.0,8.0,6.0,10.0,8.0,9.0,6.0,9.0,7.0,8.0,10.0,8.0,10.0,7.0,10.0,7.0
4871,5.0,9.0,7.0,9.0,9.0,9.0,7.0,7.0,7.0,9.0,7.0,9.0,9.0,9.0,4.0,9.0,6.0
4880,2.0,8.0,2.0,3.0,8.0,8.0,2.0,2.0,6.0,9.0,6.0,10.0,8.0,10.0,10.0,10.0,8.0
4889,1.0,8.0,1.0,5.0,10.0,7.0,7.0,1.0,6.0,10.0,1.0,9.0,8.0,9.0,1.0,9.0,5.0
4898,8.0,10.0,3.0,10.0,10.0,10.0,10.0,1.0,5.0,10.0,7.0,10.0,10.0,10.0,5.0,10.0,10.0
4907,3.0,10.0,2.0,7.0,7.0,10.0,3.0,1.0,4.0,10.0,2.0,10.0,7.0,6.0,2.0,8.0,1.0
4916,8.0,5.0,7.0,7.0,8.0,5.0,2.0,2.0,9.0,5.0,7.0,2.0,8.0,4.0,5.0,9.0,2.0
4925,4.0,7.0,7.0,4.0,6.0,7.0,10.0,2.0,1.0,9.0,3.0,7.0,7.0,9.0,4.0,9.0,10.0
4934,7.0,10.0,2.0,8.0,5.0,10.0,7.0,3.0,7.0,9.0,5.0,8.0,10.0,5.0,7.0,9.0,1.0
4944,10.0,3.0,5.0,10.0,7.0,1.0,10.0,5.0,3.0,8.0,2.0,4.0,8.0,2.0,3.0,4.0,6.0
4954,9.0,8.0,4.0,9.0,9.0,8.0,5.0,6.0,8.0,5.0,5.0,6.0,6.0,3.0,8.0,5.0,5.0
4964,9.0,7.0,1.0,9.0,4.0,7.0,4.0,1.0,4.0,8.0,6.0,5.0,4.0,3.0,5.0,8.0,7.0
4974,5.0,8.0,4.0,4.0,5.0,10.0,4.0,1.0,1.0,9.0,4.0,6.0,10.0,10.0,3.0,10.0,4.0
4984,9.0,8.0,9.0,8.0,8.0,7.0,5.0,4.0,6.0,7.0,5.0,7.0,8.0,7.0,4.0,6.0,4.0
4994,4.0,8.0,2.0,7.0,6.0,8.0,8.0,6.0,6.0,8.0,4.0,10.0,10.0,7.0,5.0,7.0,10.0
5024,1.0,9.0,2.0,1.0,10.0,9.0,8.0,1.0,6.0,10.0,10.0,10.0,10.0,10.0,9.0,10.0,10.0
5043,3.0,9.0,4.0,4.0,10.0,10.0,1.0,1.0,8.0,7.0,10.0,8.0,10.0,1.0,10.0,4.0,4.0
5060,6.0,10.0,3.0,3.0,10.0,10.0,8.0,2.0,3.0,5.0,4.0,8.0,9.0,9.0,9.0,9.0,7.0
5078,9.0,7.0,7.0,5.0,6.0,6.0,4.0,3.0,9.0,4.0,4.0,9.0,9.0,9.0,9.0,9.0,5.0
5097,5.0,5.0,1.0,10.0,6.0,5.0,3.0,4.0,8.0,9.0,6.0,7.0,7.0,8.0,6.0,9.0,9.0
5132,1.0,3.0,1.0,2.0,10.0,3.0,1.0,1.0,8.0,2.0,5.0,3.0,8.0,1.0,10.0,7.0,1.0
5150,3.0,10.0,5.0,1.0,10.0,10.0,2.0,1.0,9.0,10.0,7.0,10.0,7.0,7.0,10.0,7.0,5.0
5168,2.0,7.0,3.0,10.0,8.0,8.0,7.0,1.0,6.0,7.0,4.0,8.0,8.0,8.0,6.0,9.0,7.0
5186,9.0,8.0,2.0,10.0,9.0,8.0,8.0,7.0,7.0,9.0,9.0,9.0,9.0,9.0,5.0,9.0,7.0
5205,5.0,10.0,2.0,5.0,10.0,10.0,7.0,2.0,3.0,10.0,3.0,10.0,10.0,10.0,5.0,10.0,5.0
5222,8.0,10.0,5.0,10.0,10.0,10.0,8.0,4.0,5.0,5.0,8.0,9.0,9.0,10.0,7.0,10.0,7.0
5240,3.0,9.0,4.0,5.0,8.0,9.0,8.0,8.0,5.0,6.0,4.0,9.0,9.0,8.0,8.0,9.0,5.0
5258,10.0,8.0,10.0,10.0,10.0,8.0,1.0,1.0,1.0,8.0,10.0,10.0,10.0,10.0,10.0,10.0,6.0
5276,9.0,7.0,1.0,7.0,8.0,7.0,7.0,1.0,9.0,9.0,2.0,9.0,9.0,9.0,9.0,9.0,2.0
5294,10.0,8.0,9.0,8.0,10.0,5.0,7.0,1.0,5.0,8.0,9.0,8.0,9.0,7.0,5.0,10.0,6.0
5312,2.0,10.0,6.0,10.0,10.0,10.0,8.0,1.0,7.0,10.0,6.0,10.0,8.0,7.0,8.0,7.0,1.0
5330,6.0,4.0,2.0,7.0,10.0,5.0,2.0,4.0,9.0,9.0,6.0,5.0,8.0,4.0,7.0,5.0,3.0
5348,2.0,2.0,1.0,1.0,7.0,2.0,6.0,8.0,1.0,10.0,3.0,7.0,8.0,8.0,1.0,8.0,4.0
5366,9.0,7.0,7.0,6.0,9.0,8.0,9.0,9.0,1.0,7.0,6.0,7.0,7.0,10.0,7.0,10.0,8.0
5384,3.0,9.0,1.0,3.0,5.0,10.0,3.0,3.0,4.0,10.0,6.0,8.0,9.0,7.0,3.0,7.0,2.0
5404,8.0,6.0,2.0,1.0,9.0,6.0,6.0,4.0,7.0,6.0,4.0,6.0,6.0,6.0,7.0,6.0,2.0
5424,3.0,4.0,3.0,9.0,10.0,5.0,8.0,6.0,9.0,7.0,5.0,5.0,8.0,7.0,8.0,5.0,5.0
5444,9.0,4.0,7.0,9.0,9.0,3.0,3.0,5.0,1.0,9.0,5.0,4.0,7.0,5.0,8.0,6.0,1.0
5464,7.0,9.0,3.0,3.0,9.0,10.0,8.0,4.0,8.0,8.0,1.0,5.0,7.0,9.0,5.0,10.0,5.0
5484,6.0,9.0,6.0,4.0,8.0,9.0,7.0,6.0,8.0,9.0,4.0,6.0,7.0,10.0,8.0,10.0,6.0
5504,6.0,5.0,7.0,8.0,8.0,5.0,3.0,4.0,8.0,5.0,6.0,3.0,3.0,7.0,7.0,8.0,2.0
5524,4.0,9.0,6.0,4.0,8.0,7.0,3.0,8.0,9.0,9.0,9.0,7.0,9.0,8.0,8.0,9.0,4.0
5545,2.0,7.0,6.0,2.0,6.0,7.0,7.0,1.0,1.0,10.0,3.0,7.0,5.0,6.0,1.0,8.0,1.0
5564,7.0,6.0,8.0,7.0,7.0,6.0,3.0,1.0,6.0,7.0,2.0,2.0,2.0,5.0,4.0,9.0,1.0
5584,10.0,3.0,7.0,7.0,3.0,3.0,3.0,3.0,3.0,4.0,5.0,3.0,6.0,10.0,1.0,10.0,7.0
5605,9.0,9.0,10.0,8.0,9.0,9.0,7.0,4.0,2.0,9.0,6.0,8.0,6.0,7.0,4.0,7.0,2.0
5624,7.0,7.0,5.0,8.0,8.0,6.0,3.0,5.0,9.0,8.0,2.0,3.0,4.0,5.0,8.0,9.0,2.0
5644,10.0,8.0,10.0,8.0,7.0,8.0,5.0,5.0,6.0,5.0,6.0,9.0,10.0,9.0,4.0,8.0,4.0
5664,9.0,4.0,8.0,5.0,8.0,4.0,2.0,2.0,7.0,5.0,6.0,5.0,6.0,3.0,7.0,6.0,3.0
5684,4.0,5.0,1.0,4.0,10.0,6.0,7.0,7.0,3.0,3.0,9.0,7.0,9.0,5.0,9.0,6.0,5.0
5704,7.0,3.0,9.0,6.0,6.0,3.0,1.0,7.0,8.0,6.0,8.0,5.0,8.0,7.0,6.0,8.0,2.0
5724,9.0,4.0,5.0,10.0,5.0,4.0,2.0,1.0,8.0,7.0,3.0,3.0,8.0,5.0,5.0,8.0,2.0
5744,4.0,8.0,4.0,6.0,7.0,8.0,7.0,2.0,2.0,6.0,7.0,7.0,9.0,6.0,3.0,6.0,5.0
5763,7.0,5.0,8.0,8.0,8.0,5.0,3.0,1.0,5.0,5.0,7.0,7.0,10.0,9.0,9.0,9.0,9.0
5782,5.0,8.0,5.0,5.0,7.0,8.0,6.0,5.0,6.0,9.0,6.0,4.0,8.0,7.0,8.0,8.0,7.0
5801,6.0,9.0,5.0,10.0,10.0,9.0,6.0,8.0,3.0,8.0,10.0,8.0,10.0,9.0,9.0,9.0,1.0
5820,9.0,8.0,7.0,9.0,9.0,8.0,5.0,1.0,5.0,6.0,9.0,4.0,9.0,8.0,7.0,7.0,4.0
5839,8.0,10.0,5.0,7.0,9.0,10.0,3.0,3.0,7.0,6.0,7.0,10.0,10.0,5.0,6.0,6.0,3.0
5858,7.0,10.0,5.0,8.0,10.0,10.0,10.0,6.0,8.0,9.0,6.0,10.0,10.0,8.0,9.0,10.0,8.0
5877,1.0,7.0,3.0,5.0,8.0,7.0,2.0,5.0,7.0,8.0,8.0,9.0,9.0,8.0,8.0,8.0,3.0
5896,5.0,6.0,5.0,8.0,8.0,6.0,4.0,3.0,8.0,7.0,7.0,8.0,8.0,7.0,8.0,7.0,2.0
5915,7.0,3.0,4.0,8.0,7.0,3.0,5.0,3.0,4.0,7.0,6.0,6.0,7.0,6.0,6.0,6.0,4.0
5934,7.0,7.0,8.0,5.0,8.0,7.0,10.0,2.0,1.0,10.0,7.0,8.0,8.0,10.0,7.0,10.0,8.0
5953,6.0,6.0,1.0,6.0,10.0,6.0,8.0,1.0,4.0,10.0,6.0,8.0,8.0,8.0,4.0,8.0,6.0
5972,8.0,6.0,1.0,6.0,8.0,7.0,9.0,1.0,9.0,9.0,1.0,3.0,5.0,5.0,4.0,5.0,2.0
5991,4.0,10.0,3.0,3.0,9.0,9.0,9.0,1.0,3.0,10.0,6.0,8.0,10.0,5.0,7.0,10.0,7.0
6010,3.0,9.0,2.0,3.0,5.0,9.0,4.0,3.0,4.0,9.0,6.0,7.0,8.0,7.0,5.0,7.0,4.0
6029,3.0,8.0,1.0,4.0,9.0,8.0,10.0,1.0,1.0,10.0,6.0,9.0,9.0,8.0,7.0,7.0,2.0
6048,3.0,8.0,4.0,4.0,10.0,8.0,6.0,1.0,8.0,9.0,3.0,10.0,10.0,7.0,7.0,9.0,8.0
6067,3.0,10.0,8.0,7.0,10.0,10.0,7.0,7.0,7.0,10.0,9.0,10.0,10.0,10.0,7.0,10.0,7.0
6086,9.0,7.0,8.0,8.0,6.0,7.0,6.0,2.0,6.0,7.0,5.0,7.0,8.0,4.0,5.0,7.0,1.0
6105,4.0,7.0,1.0,2.0,10.0,7.0,9.0,9.0,8.0,7.0,7.0,7.0,9.0,6.0,6.0,5.0,2.0
6125,9.0,9.0,2.0,9.0,9.0,9.0,7.0,3.0,5.0,9.0,1.0,6.0,7.0,8.0,3.0,10.0,8.0
6140,7.0,6.0,4.0,7.0,7.0,6.0,6.0,1.0,8.0,7.0,1.0,7.0,7.0,6.0,1.0,7.0,1.0
6158,10.0,8.0,1.0,4.0,8.0,8.0,8.0,2.0,5.0,5.0,1.0,8.0,8.0,10.0,7.0,10.0,3.0
6176,10.0,6.0,2.0,6.0,9.0,6.0,9.0,7.0,4.0,3.0,3.0,5.0,8.0,4.0,6.0,4.0,9.0
6194,9.0,4.0,8.0,3.0,7.0,3.0,5.0,3.0,3.0,5.0,6.0,5.0,8.0,3.0,2.0,6.0,1.0
6212,10.0,8.0,5.0,8.0,10.0,8.0,9.0,7.0,9.0,8.0,4.0,5.0,8.0,7.0,6.0,8.0,3.0
6230,6.0,8.0,1.0,6.0,9.0,9.0,2.0,6.0,8.0,8.0,6.0,10.0,9.0,7.0,9.0,9.0,5.0
6248,4.0,6.0,6.0,8.0,9.0,7.0,8.0,6.0,6.0,7.0,7.0,8.0,9.0,7.0,2.0,10.0,1.0
6266,8.0,9.0,4.0,7.0,9.0,9.0,7.0,4.0,2.0,9.0,5.0,7.0,10.0,9.0,7.0,9.0,7.0
6284,7.0,9.0,7.0,9.0,8.0,8.0,3.0,5.0,1.0,6.0,2.0,4.0,8.0,6.0,2.0,10.0,1.0
6302,10.0,7.0,4.0,1.0,4.0,8.0,10.0,2.0,8.0,7.0,2.0,6.0,8.0,10.0,5.0,10.0,2.0
6320,10.0,1.0,8.0,5.0,8.0,1.0,8.0,10.0,1.0,8.0,2.0,2.0,4.0,4.0,1.0,5.0,1.0
6338,7.0,7.0,6.0,6.0,7.0,6.0,3.0,3.0,1.0,8.0,1.0,7.0,6.0,7.0,8.0,10.0,3.0
6356,10.0,8.0,10.0,10.0,5.0,8.0,0.0,7.0,3.0,8.0,6.0,5.0,5.0,8.0,4.0,8.0,4.0
6374,6.0,5.0,7.0,5.0,7.0,3.0,5.0,5.0,4.0,6.0,8.0,6.0,9.0,6.0,7.0,6.0,0.0
6410,1.0,7.0,1.0,6.0,6.0,5.0,1.0,1.0,3.0,10.0,1.0,6.0,6.0,3.0,1.0,7.0,1.0
6436,6.0,8.0,1.0,4.0,5.0,8.0,8.0,3.0,5.0,7.0,2.0,6.0,7.0,7.0,3.0,6.0,8.0
6444,2.0,7.0,2.0,5.0,9.0,8.0,6.0,5.0,6.0,10.0,8.0,8.0,10.0,7.0,7.0,9.0,7.0
6452,6.0,5.0,2.0,5.0,8.0,6.0,5.0,2.0,9.0,9.0,8.0,9.0,9.0,6.0,4.0,6.0,7.0
6460,8.0,8.0,4.0,5.0,10.0,8.0,7.0,4.0,3.0,9.0,7.0,8.0,7.0,4.0,6.0,5.0,4.0
6468,1.0,5.0,1.0,1.0,8.0,5.0,1.0,5.0,5.0,5.0,8.0,10.0,10.0,5.0,10.0,10.0,5.0
6476,7.0,9.0,2.0,8.0,9.0,9.0,10.0,2.0,4.0,7.0,5.0,9.0,8.0,6.0,7.0,6.0,9.0
6482,9.0,7.0,2.0,9.0,8.0,7.0,7.0,6.0,5.0,9.0,5.0,5.0,8.0,7.0,5.0,5.0,4.0
6488,7.0,5.0,7.0,7.0,7.0,5.0,6.0,7.0,5.0,5.0,7.0,5.0,8.0,5.0,8.0,7.0,5.0
6494,7.0,7.0,8.0,8.0,8.0,6.0,5.0,2.0,7.0,5.0,5.0,6.0,7.0,5.0,2.0,7.0,2.0
6500,7.0,6.0,2.0,7.0,8.0,4.0,3.0,2.0,6.0,5.0,3.0,7.0,6.0,6.0,4.0,6.0,2.0
6506,10.0,7.0,1.0,10.0,8.0,7.0,9.0,1.0,3.0,8.0,1.0,4.0,5.0,7.0,1.0,10.0,10.0
6512,6.0,6.0,5.0,5.0,9.0,7.0,6.0,5.0,6.0,7.0,5.0,6.0,7.0,5.0,7.0,7.0,3.0
6518,7.0,8.0,8.0,8.0,9.0,8.0,8.0,6.0,7.0,9.0,8.0,8.0,8.0,8.0,7.0,8.0,6.0
6524,10.0,3.0,10.0,10.0,6.0,2.0,4.0,2.0,4.0,4.0,8.0,9.0,9.0,8.0,5.0,8.0,4.0
6538,10.0,10.0,9.0,7.0,10.0,10.0,10.0,5.0,4.0,10.0,7.0,7.0,5.0,8.0,10.0,10.0,3.0
6552,2.0,10.0,2.0,2.0,10.0,10.0,7.0,1.0,6.0,6.0,4.0,9.0,8.0,8.0,5.0,7.0,5.0
6566,3.0,8.0,3.0,8.0,8.0,8.0,8.0,1.0,6.0,7.0,5.0,7.0,8.0,5.0,5.0,5.0,3.0
6580,4.0,3.0,2.0,9.0,6.0,3.0,3.0,2.0,7.0,2.0,6.0,2.0,2.0,4.0,8.0,7.0,4.0
6594,5.0,8.0,5.0,6.0,9.0,8.0,3.0,2.0,9.0,9.0,1.0,8.0,7.0,9.0,10.0,9.0,10.0
6608,8.0,8.0,5.0,9.0,10.0,7.0,8.0,5.0,1.0,9.0,10.0,8.0,10.0,6.0,10.0,10.0,4.0
6622,6.0,9.0,7.0,7.0,8.0,9.0,8.0,5.0,6.0,9.0,7.0,10.0,10.0,10.0,5.0,10.0,6.0
6636,3.0,5.0,1.0,8.0,9.0,5.0,8.0,4.0,7.0,6.0,5.0,7.0,9.0,10.0,8.0,9.0,3.0
6650,8.0,8.0,4.0,8.0,9.0,9.0,6.0,1.0,7.0,9.0,6.0,4.0,9.0,9.0,6.0,9.0,6.0
6664,10.0,7.0,10.0,10.0,10.0,7.0,7.0,3.0,1.0,3.0,5.0,5.0,10.0,8.0,8.0,10.0,5.0
6674,6.0,7.0,1.0,6.0,7.0,8.0,7.0,14.0,9.0,9.0,8.0,9.0,10.0,10.0,7.0,10.0,2.0
6684,7.0,1.0,1.0,7.0,5.0,1.0,7.0,1.0,8.0,6.0,1.0,1.0,5.0,3.0,2.0,5.0,1.0
6694,9.0,5.0,5.0,7.0,8.0,5.0,5.0,3.0,7.0,6.0,1.0,6.0,7.0,8.0,4.0,8.0,5.0
6704,8.0,6.0,8.0,9.0,2.0,8.0,6.0,2.0,5.0,2.0,7.0,1.0,10.0,3.0,5.0,5.0,6.0
6714,9.0,5.0,6.0,8.0,8.0,3.0,9.0,5.0,9.0,10.0,5.0,4.0,10.0,8.0,5.0,9.0,1.0
6724,9.0,8.0,2.0,9.0,8.0,7.0,6.0,3.0,6.0,6.0,5.0,6.0,6.0,5.0,3.0,8.0,3.0
6734,7.0,3.0,5.0,6.0,8.0,2.0,6.0,2.0,5.0,6.0,3.0,4.0,8.0,4.0,2.0,9.0,4.0
6744,3.0,8.0,2.0,4.0,9.0,9.0,3.0,5.0,9.0,7.0,3.0,6.0,7.0,6.0,6.0,10.0,5.0
6754,8.0,7.0,2.0,6.0,8.0,5.0,5.0,3.0,1.0,9.0,7.0,6.0,9.0,2.0,4.0,6.0,1.0
6764,7.0,9.0,3.0,9.0,9.0,9.0,9.0,9.0,3.0,5.0,7.0,9.0,10.0,9.0,5.0,10.0,10.0
6774,3.0,4.0,3.0,2.0,4.0,3.0,3.0,4.0,3.0,6.0,7.0,5.0,7.0,7.0,6.0,8.0,6.0
6784,9.0,8.0,6.0,8.0,7.0,7.0,8.0,7.0,9.0,8.0,7.0,8.0,9.0,8.0,5.0,10.0,3.0
6794,6.0,6.0,3.0,5.0,6.0,5.0,6.0,5.0,3.0,6.0,6.0,4.0,7.0,6.0,4.0,5.0,1.0
6804,5.0,9.0,8.0,5.0,9.0,9.0,7.0,1.0,4.0,9.0,4.0,9.0,9.0,8.0,4.0,8.0,9.0
6810,3.0,10.0,5.0,3.0,10.0,7.0,7.0,1.0,8.0,10.0,4.0,8.0,9.0,8.0,9.0,9.0,7.0
6816,1.0,7.0,1.0,8.0,8.0,7.0,6.0,2.0,8.0,8.0,4.0,7.0,7.0,6.0,8.0,6.0,8.0
6822,1.0,9.0,2.0,1.0,8.0,9.0,10.0,1.0,1.0,10.0,4.0,7.0,3.0,10.0,1.0,8.0,1.0
6828,9.0,8.0,1.0,6.0,10.0,6.0,9.0,3.0,6.0,9.0,7.0,8.0,8.0,4.0,10.0,1.0,9.0
6834,1.0,8.0,3.0,1.0,9.0,9.0,1.0,1.0,6.0,4.0,6.0,8.0,8.0,8.0,8.0,8.0,1.0
6840,9.0,10.0,7.0,10.0,10.0,10.0,8.0,1.0,7.0,9.0,10.0,6.0,9.0,10.0,1.0,10.0,5.0
6846,9.0,7.0,8.0,9.0,9.0,7.0,9.0,8.0,6.0,2.0,2.0,7.0,6.0,6.0,4.0,6.0,4.0
6852,8.0,6.0,7.0,5.0,2.0,6.0,1.0,2.0,7.0,3.0,8.0,5.0,7.0,6.0,2.0,9.0,2.0
6858,5.0,4.0,4.0,7.0,5.0,3.0,3.0,5.0,4.0,5.0,4.0,4.0,4.0,4.0,3.0,7.0,1.0
6864,10.0,3.0,9.0,6.0,7.0,3.0,5.0,5.0,9.0,3.0,4.0,6.0,7.0,7.0,2.0,7.0,1.0
6870,4.0,8.0,8.0,1.0,3.0,8.0,4.0,1.0,4.0,9.0,2.0,1.0,3.0,10.0,1.0,10.0,1.0
6876,4.0,5.0,2.0,9.0,8.0,6.0,4.0,3.0,2.0,8.0,5.0,5.0,7.0,6.0,4.0,8.0,2.0
6891,8.0,9.0,4.0,9.0,9.0,9.0,8.0,5.0,8.0,9.0,8.0,9.0,9.0,9.0,9.0,9.0,9.0
6906,8.0,7.0,3.0,7.0,7.0,8.0,8.0,2.0,6.0,8.0,7.0,5.0,9.0,9.0,7.0,9.0,6.0
6921,10.0,7.0,7.0,7.0,7.0,7.0,3.0,3.0,4.0,7.0,9.0,7.0,7.0,7.0,6.0,8.0,9.0
6936,1.0,10.0,1.0,1.0,10.0,10.0,2.0,1.0,3.0,10.0,5.0,10.0,10.0,6.0,10.0,6.0,1.0
6951,3.0,7.0,4.0,6.0,10.0,7.0,5.0,2.0,9.0,7.0,8.0,6.0,8.0,6.0,10.0,6.0,4.0
6966,10.0,9.0,6.0,7.0,9.0,8.0,9.0,1.0,7.0,8.0,1.0,10.0,10.0,10.0,5.0,10.0,9.0
6981,7.0,8.0,5.0,5.0,8.0,8.0,8.0,6.0,6.0,9.0,8.0,8.0,9.0,9.0,7.0,9.0,7.0
6996,10.0,7.0,2.0,10.0,10.0,7.0,9.0,2.0,9.0,8.0,1.0,4.0,3.0,7.0,6.0,10.0,9.0
7011,1.0,6.0,1.0,6.0,10.0,5.0,2.0,0.0,5.0,4.0,4.0,9.0,8.0,3.0,6.0,5.0,9.0
7026,4.0,5.0,1.0,7.0,9.0,5.0,4.0,1.0,7.0,3.0,3.0,3.0,3.0,3.0,6.0,7.0,3.0
7041,9.0,6.0,6.0,7.0,8.0,8.0,8.0,4.0,7.0,7.0,4.0,7.0,8.0,7.0,6.0,7.0,4.0
7056,9.0,7.0,7.0,9.0,7.0,9.0,9.0,3.0,3.0,8.0,4.0,7.0,9.0,8.0,4.0,9.0,6.0
7071,10.0,8.0,7.0,10.0,9.0,7.0,9.0,1.0,7.0,5.0,4.0,7.0,7.0,7.0,7.0,7.0,7.0
7086,7.0,9.0,1.0,8.0,9.0,9.0,3.0,1.0,6.0,10.0,3.0,3.0,4.0,4.0,5.0,4.0,7.0
7101,3.0,8.0,3.0,7.0,9.0,7.0,1.0,2.0,5.0,8.0,2.0,7.0,10.0,10.0,6.0,10.0,1.0
7116,9.0,6.0,7.0,5.0,9.0,5.0,8.0,2.0,5.0,9.0,6.0,7.0,7.0,2.0,4.0,4.0,3.0
7131,10.0,10.0,1.0,10.0,10.0,10.0,5.0,1.0,1.0,10.0,5.0,10.0,10.0,10.0,10.0,10.0,5.0
7146,7.0,9.0,3.0,5.0,9.0,9.0,9.0,3.0,7.0,9.0,1.0,9.0,9.0,9.0,2.0,9.0,7.0
7161,6.0,7.0,10.0,9.0,7.0,7.0,4.0,6.0,6.0,9.0,8.0,8.0,8.0,7.0,7.0,8.0,4.0
7176,7.0,8.0,1.0,3.0,10.0,6.0,4.0,1.0,9.0,8.0,1.0,7.0,10.0,5.0,2.0,8.0,2.0
7191,4.0,5.0,4.0,2.0,8.0,3.0,2.0,5.0,2.0,7.0,8.0,5.0,9.0,6.0,6.0,10.0,2.0
7206,3.0,5.0,3.0,3.0,9.0,1.0,1.0,1.0,8.0,8.0,8.0,8.0,8.0,8.0,8.0,8.0,3.0
7221,7.0,9.0,7.0,7.0,9.0,9.0,6.0,9.0,9.0,6.0,6.0,9.0,9.0,9.0,6.0,7.0,5.0
7236,3.0,7.0,1.0,2.0,7.0,7.0,6.0,2.0,5.0,9.0,9.0,8.0,10.0,9.0,7.0,8.0,4.0
7251,9.0,9.0,2.0,9.0,9.0,8.0,9.0,7.0,9.0,8.0,2.0,7.0,8.0,8.0,9.0,9.0,6.0
7266,10.0,10.0,10.0,10.0,10.0,10.0,10.0,2.0,4.0,10.0,7.0,5.0,5.0,2.0,10.0,5.0,10.0
7281,10.0,4.0,10.0,7.0,7.0,4.0,3.0,3.0,6.0,7.0,10.0,8.0,8.0,7.0,10.0,7.0,6.0
7296,8.0,10.0,10.0,4.0,10.0,10.0,1.0,1.0,4.0,8.0,6.0,9.0,10.0,7.0,9.0,8.0,10.0
7311,7.0,5.0,5.0,6.0,7.0,6.0,7.0,7.0,6.0,5.0,6.0,7.0,7.0,6.0,5.0,5.0,6.0
7326,8.0,7.0,1.0,8.0,7.0,7.0,8.0,1.0,1.0,7.0,3.0,3.0,3.0,5.0,5.0,5.0,5.0
7333,7.0,7.0,5.0,1.0,8.0,6.0,7.0,3.0,1.0,7.0,8.0,6.0,9.0,9.0,8.0,8.0,7.0
7340,3.0,3.0,1.0,5.0,7.0,3.0,6.0,6.0,9.0,8.0,9.0,6.0,8.0,8.0,3.0,8.0,1.0
7347,1.0,9.0,1.0,1.0,9.0,9.0,2.0,1.0,8.0,9.0,6.0,8.0,10.0,10.0,5.0,10.0,1.0
7354,4.0,7.0,2.0,6.0,7.0,7.0,2.0,2.0,7.0,8.0,5.0,7.0,8.0,8.0,6.0,8.0,5.0
7361,5.0,9.0,4.0,8.0,8.0,9.0,6.0,1.0,3.0,9.0,7.0,9.0,9.0,9.0,7.0,10.0,6.0
7368,8.0,5.0,8.0,9.0,6.0,5.0,10.0,9.0,8.0,7.0,8.0,6.0,9.0,5.0,3.0,8.0,4.0
7374,2.0,8.0,4.0,4.0,8.0,8.0,7.0,5.0,2.0,6.0,5.0,7.0,8.0,9.0,7.0,9.0,7.0
7380,1.0,4.0,1.0,2.0,4.0,4.0,8.0,1.0,3.0,6.0,1.0,5.0,6.0,7.0,3.0,7.0,1.0
7386,10.0,10.0,6.0,10.0,5.0,10.0,9.0,7.0,1.0,10.0,10.0,10.0,10.0,10.0,10.0,10.0,10.0
7392,6.0,7.0,4.0,6.0,7.0,7.0,8.0,2.0,4.0,9.0,2.0,5.0,5.0,5.0,2.0,5.0,1.0
7398,10.0,9.0,9.0,10.0,9.0,8.0,7.0,4.0,5.0,8.0,5.0,7.0,6.0,6.0,3.0,8.0,2.0
7404,10.0,4.0,4.0,7.0,6.0,4.0,4.0,9.0,7.0,10.0,3.0,5.0,4.0,7.0,4.0,10.0,8.0
7410,6.0,7.0,3.0,6.0,7.0,7.0,3.0,3.0,4.0,6.0,4.0,4.0,8.0,5.0,7.0,7.0,7.0
7432,8.0,8.0,1.0,4.0,10.0,7.0,10.0,5.0,7.0,9.0,1.0,3.0,9.0,7.0,1.0,5.0,7.0
7454,6.0,8.0,5.0,5.0,7.0,10.0,10.0,3.0,9.0,8.0,5.0,8.0,9.0,9.0,7.0,10.0,8.0
7498,1.0,9.0,1.0,9.0,9.0,9.0,1.0,0.0,8.0,9.0,8.0,9.0,10.0,6.0,6.0,8.0,6.0
7520,5.0,8.0,3.0,7.0,7.0,10.0,2.0,2.0,1.0,8.0,6.0,10.0,8.0,9.0,6.0,10.0,7.0
7542,10.0,9.0,10.0,8.0,9.0,8.0,10.0,3.0,8.0,9.0,8.0,9.0,10.0,7.0,5.0,10.0,9.0
7564,3.0,9.0,3.0,6.0,10.0,9.0,5.0,5.0,8.0,9.0,6.0,9.0,4.0,9.0,9.0,9.0,3.0
7586,2.0,6.0,1.0,9.0,9.0,8.0,4.0,1.0,2.0,9.0,3.0,10.0,8.0,4.0,3.0,4.0,9.0
7608,4.0,6.0,2.0,5.0,8.0,7.0,5.0,5.0,9.0,9.0,8.0,8.0,8.0,6.0,9.0,8.0,4.0
7630,9.0,8.0,5.0,9.0,5.0,7.0,7.0,2.0,3.0,9.0,4.0,7.0,8.0,7.0,2.0,8.0,2.0
7652,4.0,10.0,6.0,8.0,8.0,8.0,5.0,2.0,9.0,10.0,8.0,9.0,8.0,5.0,8.0,5.0,2.0
7674,7.0,8.0,7.0,8.0,8.0,8.0,10.0,7.0,5.0,8.0,6.0,7.0,8.0,8.0,6.0,8.0,6.0
7696,6.0,8.0,6.0,6.0,7.0,9.0,3.0,3.0,7.0,9.0,8.0,10.0,10.0,7.0,5.0,7.0,3.0
7718,8.0,4.0,1.0,5.0,9.0,3.0,6.0,7.0,8.0,13.0,5.0,2.0,7.0,8.0,3.0,9.0,1.0
7740,4.0,8.0,1.0,7.0,9.0,8.0,6.0,3.0,8.0,7.0,7.0,8.0,8.0,5.0,7.0,5.0,5.0
7762,6.0,5.0,2.0,8.0,6.0,5.0,3.0,2.0,1.0,8.0,8.0,9.0,10.0,7.0,8.0,8.0,1.0
7784,2.0,10.0,1.0,3.0,10.0,7.0,6.0,5.0,10.0,8.0,4.0,10.0,8.0,6.0,4.0,8.0,10.0
7806,5.0,7.0,5.0,1.0,8.0,7.0,6.0,2.0,7.0,6.0,6.0,8.0,7.0,8.0,7.0,8.0,6.0
7828,5.0,2.0,8.0,4.0,2.0,2.0,8.0,6.0,2.0,2.0,2.0,3.0,7.0,3.0,2.0,3.0,2.0
7850,7.0,8.0,4.0,6.0,10.0,8.0,8.0,6.0,5.0,5.0,5.0,8.0,8.0,8.0,4.0,8.0,4.0
7872,7.0,3.0,10.0,5.0,6.0,8.0,6.0,7.0,6.0,3.0,5.0,8.0,10.0,9.0,6.0,10.0,3.0
7894,10.0,10.0,10.0,6.0,6.0,10.0,10.0,6.0,6.0,6.0,10.0,10.0,10.0,8.0,1.0,10.0,6.0
7917,7.0,6.0,8.0,6.0,8.0,4.0,4.0,8.0,6.0,9.0,7.0,6.0,8.0,6.0,5.0,7.0,2.0
7938,7.0,5.0,3.0,5.0,7.0,5.0,7.0,2.0,5.0,3.0,1.0,5.0,7.0,6.0,2.0,7.0,2.0
7960,7.0,9.0,9.0,3.0,9.0,8.0,6.0,7.0,7.0,7.0,3.0,6.0,7.0,8.0,4.0,7.0,1.0
7982,4.0,7.0,3.0,4.0,7.0,6.0,2.0,8.0,8.0,8.0,6.0,6.0,9.0,8.0,5.0,9.0,6.0
8004,7.0,7.0,3.0,5.0,8.0,7.0,3.0,2.0,7.0,8.0,6.0,4.0,9.0,7.0,7.0,9.0,1.0
8026,6.0,8.0,6.0,7.0,10.0,8.0,3.0,3.0,6.0,10.0,8.0,10.0,10.0,10.0,10.0,10.0,1.0
8048,8.0,8.0,2.0,8.0,8.0,8.0,8.0,8.0,6.0,8.0,5.0,4.0,6.0,3.0,6.0,6.0,6.0
8070,8.0,9.0,9.0,8.0,9.0,9.0,4.0,6.0,8.0,8.0,6.0,7.0,9.0,7.0,7.0,7.0,6.0
8092,6.0,7.0,4.0,4.0,5.0,8.0,8.0,9.0,6.0,7.0,4.0,9.0,9.0,9.0,6.0,9.0,3.0
8115,10.0,3.0,10.0,7.0,8.0,5.0,4.0,3.0,8.0,3.0,10.0,5.0,10.0,10.0,9.0,9.0,3.0
8136,4.0,9.0,7.0,6.0,10.0,8.0,1.0,8.0,8.0,9.0,8.0,8.0,9.0,9.0,9.0,8.0,6.0
8159,8.0,8.0,8.0,5.0,8.0,5.0,5.0,9.0,8.0,8.0,8.0,6.0,8.0,8.0,8.0,8.0,3.0
8180,3.0,7.0,4.0,3.0,10.0,8.0,5.0,14.0,9.0,2.0,10.0,7.0,8.0,8.0,10.0,9.0,3.0
8202,10.0,5.0,2.0,2.0,5.0,4.0,7.0,5.0,4.0,7.0,4.0,3.0,4.0,5.0,2.0,5.0,1.0
8224,10.0,4.0,5.0,8.0,10.0,3.0,5.0,1.0,1.0,2.0,4.0,3.0,6.0,3.0,10.0,9.0,6.0
8246,9.0,8.0,6.0,9.0,7.0,8.0,2.0,2.0,8.0,9.0,4.0,9.0,8.0,9.0,6.0,9.0,5.0
8268,10.0,3.0,8.0,4.0,10.0,2.0,2.0,5.0,1.0,9.0,6.0,4.0,6.0,7.0,4.0,10.0,1.0
8290,8.0,7.0,5.0,6.0,9.0,7.0,4.0,8.0,8.0,7.0,7.0,8.0,8.0,10.0,8.0,10.0,2.0
8312,5.0,7.0,3.0,5.0,9.0,8.0,3.0,3.0,8.0,8.0,3.0,7.0,7.0,4.0,6.0,6.0,3.0
8334,6.0,7.0,1.0,7.0,6.0,3.0,2.0,1.0,7.0,10.0,2.0,5.0,6.0,7.0,7.0,7.0,1.0
8356,8.0,10.0,2.0,5.0,10.0,10.0,7.0,1.0,9.0,8.0,3.0,7.0,9.0,10.0,7.0,10.0,3.0
